code,name,hex,r,g,b
U01,银白,#ECEDED,236,237,237
U02,淡亮黄绿,#F0E8B9,240,232,185
U03,鲜黄,#F0B901,240,185,1
U04,鲜橙,#E64F27,230,79,39
U05,亮红,#B63136,182,49,54
U06,浅亮红,#E1889F,225,136,159
U07,粉红,#694A82,105,74,130
U08,暗亮紫红,#2C4690,44,70,144
U09,亮紫红,#305CB0,48,92,176
U10,暗蓝紫,#256847,37,104,71
U11,浅灰青绿,#A9C39B,169,195,155
U12,暗蓝,#356B2D,53,107,45
U13,浅鲜黄绿,#FFE660,255,230,96
U14,亮黄绿,#BCD122,188,209,34
U15,淡鲜橙,#FFAC78,255,172,120
U16,淡亮品红,#CCC5ED,204,197,237
U17,浅紫红,#6A87C1,106,135,193
U18,深灰品红,#2A2536,42,37,54
U19,浅灰,#8A847F,138,132,127
U20,蓝紫,#49AE89,73,174,137
U21,灰黄绿,#838956,131,137,86
U22,灰红,#835854,131,88,84
U23,浅灰橙,#AD8A82,173,138,130
U24,灰蓝紫,#5F887B,95,136,123
U25,亮红,#9A2C31,154,44,49
U26,灰青绿,#6E975F,110,151,95
U27,深灰紫红,#222838,34,40,56
U28,灰,#777169,119,113,105
U29,暗红,#612932,97,41,50
U30,紫红,#4167B4,65,103,180
U31,暗灰橙,#534137,83,65,55
U32,亮红,#C02435,192,36,53
U33,鲜黄,#E4AA32,228,170,50
U34,浅亮紫红,#487ED5,72,126,213
U35,亮蓝紫,#37B876,55,184,118
U36,浅灰,#83888A,131,136,138
U37,深灰,#2E2F31,46,47,49
U38,淡灰橙,#D8D2CE,216,210,206
U39,暗亮红,#7F332A,127,51,42
U40,橙,#A5693F,165,105,63
U41,亮红,#A52D36,165,45,54
U42,品红,#683E9A,104,62,154
U43,橙,#87593D,135,89,61
U44,浅亮橙,#DE9B90,222,155,144
U45,浅亮黄,#DEB48B,222,180,139
U46,深灰,#363F38,54,63,56
U47,亮红,#B9395E,185,57,94
U48,暗红,#592F38,89,47,56
U49,紫,#6797AE,103,151,174
U50,浅鲜玫红,#FF208D,255,32,141
U51,浅鲜红,#FF3956,255,57,86
U52,鲜黄绿,#E5EF13,229,239,19
U53,浅鲜红,#FF2833,255,40,51
U54,亮紫红,#2353B0,35,83,176
U55,暗鲜蓝,#06B73C,6,183,60
U56,鲜黄,#FD8600,253,134,0
U57,鲜黄绿,#F1F21C,241,242,28
U58,鲜橙,#FE630B,254,99,11
U59,亮紫红,#2659B2,38,89,178
U60,鲜蓝,#0CBD51,12,189,81
U61,浅鲜黄绿,#F0EA37,240,234,55
U62,浅鲜红,#EE6972,238,105,114
U63,浅品红,#886DB9,136,109,185
U64,浅亮紫红,#629ED7,98,158,215
U65,浅青绿,#83CB70,131,203,112
U66,浅玫红,#CF70B7,207,112,183
U67,紫,#4998BC,73,152,188
U68,鲜黄,#F49422,244,148,34
U69,浅亮黄,#D99350,217,147,80
U70,灰,#48474A,72,71,74
U71,暗灰红,#42312F,66,49,47
U72,极淡黄,#EFEBE4,239,235,228
